<?xml version="1.0" encoding="UTF-8"?>
<!-- edited with XML Spy v4.3 U (http://www.xmlspy.com) by . (.) -->
<VIEWERMESSAGERESOURCE VERSION="2.0">
	<TYPE code="1020010000">參數</TYPE>
	<TYPE code="1020010009">無法找到OZ Server或Servlet資訊。</TYPE>
	<TYPE code="1020010010">OZ Server與Servlet位址都存在，請指定其中一項。</TYPE>
	<TYPE code="1020010011">OZ Server或Servlet位址都不存在，請指定其中一項。</TYPE>
	<TYPE code="1020010012">無效的OZ Server的埠號。</TYPE>
	<TYPE code="1020010013">邀請的報表不存在OZ Server中。</TYPE>
	<TYPE code="1020010020">There are missing form/ODI parameter definitions in viewer parameter.</TYPE>
	<TYPE code="1020020000">列印</TYPE>
	<TYPE code="1020020001">選定的頁碼不存在，列印被取消。</TYPE>
	<TYPE code="1020020002">無法啟動用戶指定的印表機，使用默認印表機。</TYPE>
	<TYPE code="1020020003">列印發生錯誤。</TYPE>
	<TYPE code="1020020004">無法共用取得列印資訊所需的記憶體。</TYPE>
	<TYPE code="1020020005">無法找到印表機。</TYPE>
	<TYPE code="1020020006">生成為了列印的Device Context失敗。</TYPE>
	<TYPE code="1020020007">無法生成列印文檔。</TYPE>
	<TYPE code="1020020008">結束列印時發生錯誤。</TYPE>
	<TYPE code="1020020009">生成列印頁時發生錯誤。</TYPE>
	<TYPE code="1020020010">結束列印頁時發生錯誤。</TYPE>
	<TYPE code="1020020011">不能生成列印初始資訊。</TYPE>
	<TYPE code="1020020012">請輸入數值值。</TYPE>
	<TYPE code="1020020015">印刷範圍不符合規範.</TYPE>
	<TYPE code="1020020016">不存在可列印的頁面.
(請詢問管理員.)</TYPE>
	<TYPE code="1020020017">必須選擇一個以上的報表。</TYPE>
	<TYPE code="1020030000">報表Loader</TYPE>
	<TYPE code="1020030001">密碼錯誤。</TYPE>
	<TYPE code="1020030002">無法生成報表Loader。</TYPE>
	<TYPE code="1020030003">無法識別的資料查詢模式，請確認OZ Server的設置值或openfile的設置值。</TYPE>
	<TYPE code="1020030004">OZ Server設置錯誤。</TYPE>
	<TYPE code="1020030006">處理本地電腦的OZ Data Module時發生錯誤。</TYPE>
	<TYPE code="1020030007">打開Form File失敗。</TYPE>
	<TYPE code="1020030008">關閉Form File失敗。</TYPE>
	<TYPE code="1020030009">保存Memo失敗。</TYPE>
	<TYPE code="1020030010">報表生成中發生錯誤，請重試。</TYPE>
	<TYPE code="1020030011">無法找到ODI資訊。</TYPE>
	<TYPE code="1020030012">保存參數發生錯誤，無法保存OZD檔。</TYPE>
	<TYPE code="1020030013">載入報表時發生異常。</TYPE>
	<TYPE code="1020030014">載入資料時發生異常。</TYPE>
	<TYPE code="1020030015">在載入外部 functions 檔時發生意外。</TYPE>
	<TYPE code="1020030016">載入替代腳本的外部檔時發生意外。</TYPE>
	<TYPE code="1020040000">保存</TYPE>
	<TYPE code="1020040001">密碼錯誤。</TYPE>
	<TYPE code="1020040002">OZD檔被修改或無效。</TYPE>
	<TYPE code="1020040003">在OZD檔中存在不適當的Memo資訊。</TYPE>
	<TYPE code="1020040004"/>
	<TYPE code="1020040005"/>
	<TYPE code="1020040006">無法檢索工作目錄檔案名。</TYPE>
	<TYPE code="1020040007">生成臨時報表Form檔失敗。</TYPE>
	<TYPE code="1020040008">保存OZD檔失敗。</TYPE>
	<TYPE code="1020040009"/>
	<TYPE code="1020040010"/>
	<TYPE code="1020040011">生成為了打開OZD的暫存檔案失敗。</TYPE>
	<TYPE code="1020040012">此檔不是OZD檔。</TYPE>
	<TYPE code="1020040013">OZD檔被修改或無效。</TYPE>
	<TYPE code="1020040014"/>
	<TYPE code="1020050000">綁定線程</TYPE>
	<TYPE code="1020060000">輸出線程</TYPE>
	<TYPE code="1020070000">檔案</TYPE>
	<TYPE code="1020070001">沒有查詢到的資料。</TYPE>
	<TYPE code="1020070002">失敗生成臨時報表。</TYPE>
	<TYPE code="1020070003">報表綁定失敗。</TYPE>
	<TYPE code="1020070004">生成OZ Report Manager失敗。</TYPE>
	<TYPE code="1020070005">報表放大/縮小資訊，請使用數值。</TYPE>
	<TYPE code="1020080000">平鋪檔案</TYPE>
	<TYPE code="1020080001">無法生成報表結構的平鋪圖像。</TYPE>
	<TYPE code="1020080002">無法生成報表結構的平鋪圖像。</TYPE>
	<TYPE code="1020080003">選頁控制項無效。</TYPE>
	<TYPE code="1020090000">輸出</TYPE>
	<TYPE code="1020090001">選擇或輸入保存路徑。</TYPE>
	<TYPE code="1020090002">報表中不存在的元件。</TYPE>
	<TYPE code="1020090003">要保存的文件已被打開，關閉打開的文件後重試。</TYPE>
	<TYPE code="1020090004">無法正常關閉要保存的文件。</TYPE>
	<TYPE code="1020090005">無法識別的圖片格式。</TYPE>
	<TYPE code="1020090006">不支援的圖像格式。</TYPE>
	<TYPE code="1020090007">不支援的輸出格式。</TYPE>
	<TYPE code="1020090008">無法生成要輸出的檔夾。</TYPE>
	<TYPE code="1020090009">無法以OZD檔輸出。</TYPE>
	<TYPE code="1020090010">請定義輸出的檔案名。</TYPE>
	<TYPE code="1020090011">無法執行輸出的文件。</TYPE>
	<TYPE code="1020090014">無法找到需要密碼保護的模版檔.</TYPE>
	<TYPE code="1020090015">无法压缩后保存.</TYPE>
	<TYPE code="1020090016">保存範圍不符合規範.</TYPE>
	<TYPE code="1020090017">Failed to save the report.</TYPE>	
	<TYPE code="1020100000">Text</TYPE>
	<TYPE code="1020100001">刪除行值只能輸入數值。</TYPE>
	<TYPE code="1020110000">Word</TYPE>
	<TYPE code="1020110001">沒有安裝 MS-WORD 應用程式
無法生成MS-WORD OLE 物件.</TYPE>
	<TYPE code="1020120000">Powerpoint</TYPE>
	<TYPE code="1020120001">無法生成PowerPoint OLE Object。</TYPE>
	<TYPE code="1020130000">Excel</TYPE>
	<TYPE code="1020130001">無法生成Excel OLE Object。</TYPE>
	<TYPE code="1020130002">SetExcelSheetName函數的 ExcelPrintTitleRows 參數值不是有效的值.</TYPE>
	<TYPE code="1020130003">SetExcelSheetName函數的 ExcelPrintTitleColumns 參數值不是有效的值.</TYPE>
	<TYPE code="1020130004">讀取密碼長度超過 255字元.</TYPE>
	<TYPE code="1020130005">寫入密碼長度超過 15字元.</TYPE>
	<TYPE code="1020140000">Report Manager</TYPE>
	<TYPE code="1020140001">在建立OZD檔中失敗生成暫存檔案(找不到檔案)。</TYPE>
	<TYPE code="1020140002"/>
	<TYPE code="1020150000">Report Viewer</TYPE>
	<TYPE code="1020150001">由於子報表沒有關閉，無法關閉此報表。</TYPE>
	<TYPE code="1020150002">無法取得此頁的資訊。</TYPE>
	<TYPE code="1020150003">無法在畫面顯示此頁。</TYPE>
	<TYPE code="1020160000">緩存</TYPE>
	<TYPE code="1020160001">用戶設置的版本和Server中的Form檔的版本資訊不匹配。請使用Server的Form檔中指定的版本資訊。</TYPE>
	<TYPE code="1020160002">要緩存的報表大小為0。</TYPE>
	<TYPE code="1020160003">無法讀取緩存報表。</TYPE>
	<TYPE code="1020160004">比較報表Form檔的版本資訊時發生錯誤。</TYPE>
	<TYPE code="1020160005">刪除暫存檔案失敗。</TYPE>
	<TYPE code="1020160006">保存緩存檔失敗。</TYPE>
	<TYPE code="1020160007">版本資訊無效。</TYPE>
	<TYPE code="1020170000">Frame</TYPE>
	<TYPE code="1020170001">正在生成報表。</TYPE>
	<TYPE code="1020180000">應用程式</TYPE>
	<TYPE code="1020180001">解除鎖定檔的鎖定發生錯誤。</TYPE>
	<TYPE code="1020180004">無法打開幫助。</TYPE>
	<TYPE code="1020200000">PDF</TYPE>
	<TYPE code="1020200001">無法生成PDF OLE Object。</TYPE>
	<TYPE code="1020200002">無法生成PDF檔。</TYPE>
	<TYPE code="1020200003">保存為PDF檔發生錯誤。</TYPE>
	<TYPE code="1020220000">常規</TYPE>
	<TYPE code="1020220001">指定輸出的頁不存在。</TYPE>
	<TYPE code="1020220002">發生未知的錯誤。</TYPE>
	<TYPE code="1020230000">直接</TYPE>
	<TYPE code="1020230001">執行直接列印失敗。</TYPE>
	<TYPE code="1020230002">執行直接輸出失敗。</TYPE>
	<TYPE code="1020240000">線程列印</TYPE>
	<TYPE code="1020240001">列印報表失敗。</TYPE>
	<TYPE code="1020250000">Memo</TYPE>
	<TYPE code="1020250001">取得Memo資訊失敗。</TYPE>
	<TYPE code="1020260000">用戶介面</TYPE>
	<TYPE code="1020270000">Active X</TYPE>
	<TYPE code="1020280000">郵件</TYPE>
	<TYPE code="1020280001">無法發送郵件。</TYPE>
	<TYPE code="1020280002">沒有安裝郵件程式.</TYPE>
	<TYPE code="1020300000">E-FORM</TYPE>
	<TYPE code="1020300001">License 錯誤，正在使用的 License 不是 OZ e-form Extension 專用 License。</TYPE>
	<TYPE code="1020310000">INPUT COMPONENT</TYPE>
	<TYPE code="1020310001">在資料傳輸過程中，出現異常。</TYPE>
	<TYPE code="1020310002">請重新安裝OZ Viewer.</TYPE>
	<TYPE code="1020310003">不支持當前格式的文件。</TYPE>
	<TYPE code="1020310004">文件大小超過了所允許上限。</TYPE>
	<TYPE code="1020310005">無法打開文件。</TYPE>
	<TYPE code="1020320000">HTML</TYPE>
	<TYPE code="1020330000">MHT</TYPE>
	<TYPE code="1020320001">Cannot call event</TYPE>
	<TYPE code="1020340000">無法打印報表。</TYPE>
	<TYPE code="1020350000">MULTISCREEN</TYPE>
	<TYPE code="1020350001">No multi-screen devices found.</TYPE>
	<TYPE code="1020350002">An error occurred while starting the multi-screen connection.</TYPE>
	<TYPE code="1020350003">An error occurred while terminating the multi-screen connection.</TYPE>	
</VIEWERMESSAGERESOURCE>
